Test Case,Current Velocity (m/s),Obstacle Distance (m),Limit Distance (m),Limit Velocity (m/s)
1,2.777,5,2.3885,6.482159478746509
2,3.055,4,2.5275,4.0
3,3.333,3,2.6665,1.0003749531308583
4,3.611,2,2.8055000000000003,0
5,3.889,1,2.9444999999999997,0
6,4.167,0,3.0835,0
